[
  {
    "route": "",
    "flowLayout": false,
    "params": {},
    "title": "Main Layout",
    "children": [
      {
        "route": "",
        "menu": {
          "exclude": true
        },
        "flowLayout": false,
        "params": {},
        "title": "Main"
      },
      {
        "route": "task-list",
        "title": "Task List",
        "menu": {
          "icon": "vaadin:clipboard-check",
          "order": 1,
          "title": "Task List"
        },
        "flowLayout": false,
        "params": {}
      }
    ]
  }
]